,Accuracy,F1 Score,Precision,Recall
LR,0.773,0.7920075340690875,0.8810556963876566,0.773
KNN,0.764,0.7804791925208902,0.8242817151744057,0.764
SVC,0.771,0.7903472552561847,0.8875355555555555,0.771
RF,0.773,0.7792886144867711,0.787995945945946,0.773
XGB,0.77,0.7832410723674459,0.8113561580882352,0.77
