,Accuracy,F1 Score,Precision,Recall
LR,0.771,0.7903472552561847,0.8875355555555555,0.771
KNN,0.7695,0.7854988897489819,0.8285300492428086,0.7695
RF,0.768,0.779811589991929,0.8021173056563823,0.768
XGB,0.773,0.7921017262256765,0.8852045984833755,0.773
